<?xml version="1.0" encoding="UTF-8"?>
<beans xmlns="http://www.springframework.org/schema/beans"
	xmlns:xsi="http://www.w3.org/2001/XMLSchema-instance"
	xsi:schemaLocation="http://www.springframework.org/schema/beans
        https://www.springframework.org/schema/beans/spring-beans.xsd">

	<!-- <bean id="address" class="com.mindgate.pojo.Address" scope="prototype"> -->
	<!-- <constructor-arg name="addressId" value="1"/> -->
	<!-- <constructor-arg name="street" value="kalyn shill road"/> -->
	<!-- <constructor-arg name="city" value="dombivli"/> -->
	<!-- <constructor-arg name="state" value="maharashtra"/> -->
	<!-- </bean> -->
	<!-- <bean id="employee" class="com.mindgate.pojo.Employee" scope="prototype"> -->

	<!-- <constructor-arg name="employeeId" value="101"/> -->
	<!-- <constructor-arg name="name" value="rohit"/> -->
	<!-- <constructor-arg name="salary" value="1000"/> -->
	<!-- <constructor-arg name="homeAddress" ref="address"/> -->

	<!-- </bean> -->


	<bean id="address" class="com.mindgate.pojo.Address"
		scope="prototype">
		<!-- <bean id="homeAddress" class="com.mindgate.pojo.Address" scope="prototype"> -->
		<property name="addressId" value="1" />
		<property name="street" value="kalyn shill road" />
		<property name="city" value="dombivli" />
		<property name="state" value="maharashtra" />
	</bean>
	<bean id="employee" class="com.mindgate.pojo.Employee"
		scope="prototype" autowire="byType">
		<!-- <bean id="employee" class="com.mindgate.pojo.Employee" scope="prototype" 
			autowire="byName"> -->
		<property name="employeeId" value="101" />
		<property name="name" value="rohit" />
		<property name="salary" value="1000" />
		<!-- <property name="homeAddress" ref="address"/> -->

	</bean>


</beans>